file,en_term,canonical_bm,bm_used,all_translations_found,context
aesthetic-services/C01\KP-01.md,body fat,Lemak badan,kaliper lemak badan*,kaliper lemak badan*; mesomorf*,Body fat calliper (*kaliper lemak badan*) | Skinfold thickness measurement at standard a
aesthetic-services/C01\KP-01.md,magnifying lamp,Lampu kanta pembesar,lampu pembesar*,lampu pembesar*,Magnifying lamp (*lampu pembesar*) | Skin examination | | Body fat calliper (*kaliper lemak bad
aesthetic-services/C01\KP-01.md,measuring tape,Pita ukur,pita ukur*,pita ukur*,Measuring tape (*pita ukur*) | Body measurements | | Weighing scale (*penimbang*) | Weight mea
aesthetic-services/C01\KP-01.md,hygiene,Kebersihan,kebersihan*,apron*; kebersihan tangan*; kebersihan*; tisu*; topeng muka*,Hygiene Standards  Hygiene (*kebersihan*) in the salon is governed by: - **Occupational
aesthetic-services/C01\KP-01.md,hygiene,Kebersihan,kebersihan tangan*,apron*; kebersihan tangan*; kebersihan*; tisu*; topeng muka*,hygiene (*kebersihan tangan*) | Hand washing with antibacterial soap; use of hand sanit
aesthetic-services/C01\KP-01.md,hygiene,Kebersihan,tisu*,apron*; kebersihan tangan*; kebersihan*; tisu*; topeng muka*,Hygiene during examination | | Tissues (*tisu*) | General use | | Sanitiser (*penyahjan
aesthetic-services/C01\KP-01.md,disinfection,Penyahjangkitan,penyahjangkitan permukaan*,penyahjangkitan permukaan*; penyahjangkitan*,disinfection (*penyahjangkitan permukaan*) | All surfaces wiped with approved disinfectant b
aesthetic-services/C01\KP-01.md,gloves,Sarung tangan,sarung tangan pakai buang*,sarung tangan pakai buang*,gloves (*sarung tangan pakai buang*) when handling cleaning chemicals and change glove
aesthetic-services/C01\KP-01.md,disposable,Boleh guna-buang,sarung tangan pakai buang*,pembalut badan pakai buang*; penutup dada*; sarung tangan pakai buang*,disposable gloves (*sarung tangan pakai buang*) when handling cleaning chemicals and chang
aesthetic-services/C01\KP-01.md,cross-contamination,Kontaminasi silang,jangkitan silang*,epilepsi*; jangkitan silang*,cross-contamination (*jangkitan silang*)
aesthetic-services/C01\KP-01.md,consultation,Konsultasi,katil konsultasi*,kad/borang konsultasi badan*; katil konsultasi*; klien tetap*; konsultasi badan*; nasihat selepas konsultasi badan*; pelan perkhidmatan salon*; pengurusan berat badan*; penyelenggaraan kawasan kerja konsultasi badan*,Consultation couch/bed (*katil konsultasi*) | Client positioning for examination | | Trolley
aesthetic-services/C01\KP-01.md,consultation,Konsultasi,kad/borang konsultasi badan*,kad/borang konsultasi badan*; katil konsultasi*; klien tetap*; konsultasi badan*; nasihat selepas konsultasi badan*; pelan perkhidmatan salon*; pengurusan berat badan*; penyelenggaraan kawasan kerja konsultasi badan*,consultation card/form (*kad/borang konsultasi badan*) | Recording client information | | Di
aesthetic-services/C01\KP-01.md,body mass index,Indeks Jisim Badan,pita ukur*,pita ukur*,"Body mass index calculation | | Measuring tape (*pita ukur*) — flexible | Waist, hip, bust, thi"
aesthetic-services/C01\KP-02.md,body wrap,Balutan badan,pembalut badan pakai buang*,balutan badan*; haba oklusif*; pembalut badan pakai buang*; produk balutan badan*,"body wrap (*pembalut badan pakai buang*) | Single-use, hygienic | | Salon gown / robe (*j"
aesthetic-services/C01\KP-02.md,disposable,Boleh guna-buang,pembalut badan pakai buang*,pembalut badan pakai buang*; penutup dada*; sarung tangan pakai buang*,"Disposable body wrap (*pembalut badan pakai buang*) | Single-use, hygienic | | Salon gown "
aesthetic-services/C01\KP-02.md,disposable,Boleh guna-buang,penutup dada*,pembalut badan pakai buang*; penutup dada*; sarung tangan pakai buang*,"Disposable, for lower body modesty | | Breast cover (*penutup dada*) | Disposable, for fem"
aesthetic-services/C01\KP-02.md,consultation,Konsultasi,pengurusan berat badan*,kad/borang konsultasi badan*; katil konsultasi*; klien tetap*; konsultasi badan*; nasihat selepas konsultasi badan*; pelan perkhidmatan salon*; pengurusan berat badan*; penyelenggaraan kawasan kerja konsultasi badan*,consultation? Common reasons include:   - Weight management (*pengurusan berat badan*)   - B
aesthetic-services/C01\KP-02.md,consultation,Konsultasi,klien tetap*,kad/borang konsultasi badan*; katil konsultasi*; klien tetap*; konsultasi badan*; nasihat selepas konsultasi badan*; pelan perkhidmatan salon*; pengurusan berat badan*; penyelenggaraan kawasan kerja konsultasi badan*,consultation card/form; full body analysis required | | Returning client (*klien tetap*) | R
aesthetic-services/C01\KP-03.md,adipose tissue,Tisu adipos,tisu adipos berlebihan*,tisu adipos berlebihan*; tisu adipos*,"adipose tissue (*tisu adipos berlebihan*) | Localised fat deposits on abdomen, thighs, upper a"
aesthetic-services/C01\KP-03.md,adipose tissue,Tisu adipos,tisu adipos*,tisu adipos berlebihan*; tisu adipos*,Adipose Tissue (Tisu Adipos)  Adipose tissue (*tisu adipos*) is body fat
aesthetic-services/C01\KP-03.md,muscle,Otot,tonus otot lemah*,Otot Utama*; balsam otot*; haba oklusif*; rehat*; relaksasi otot*; tonus normal*; tonus otot lemah*,"muscle tone (*tonus otot lemah*) | Flabby, slack muscles due to lack of exercise | | S"
aesthetic-services/C01\KP-03.md,muscle,Otot,tonus normal*,Otot Utama*; balsam otot*; haba oklusif*; rehat*; relaksasi otot*; tonus normal*; tonus otot lemah*,Muscle wasting from disuse or illness | | Normal tone (*tonus normal*) | Good firmness
aesthetic-services/C01\KP-03.md,thoracic spine,Tulang belakang toraks,lordosis*,lordosis*,thoracic spine; round shoulders | | **Lordosis** (*lordosis*) | Excessive inward curvature of 
aesthetic-services/C01\KP-03.md,lumbar spine,Tulang belakang lumbar,skoliosis*,skoliosis*,lumbar spine; protruding abdomen | | **Scoliosis** (*skoliosis*) | Lateral curvature of the 
aesthetic-services/C01\KP-03.md,body fat,Lemak badan,mesomorf*,kaliper lemak badan*; mesomorf*,"body fat, fast metabolism | Slim, linear build | | **Mesomorph** (*mesomorf*) | Athletic"
aesthetic-services/C01\KP-03.md,cross-contamination,Kontaminasi silang,epilepsi*,epilepsi*; jangkitan silang*,Cross-contamination risk | | Epilepsy (uncontrolled) (*epilepsi*) | Risk of seizure during treatmen
aesthetic-services/C01\KP-03.md,contraindication,Kontraindikasi mutlak,tapisan kontraindikasi*,tapisan kontraindikasi haba*; tapisan kontraindikasi*,contraindication screening (*tapisan kontraindikasi*) BEFORE proceeding with any consultation as
aesthetic-services/C01\KP-03.md,consultation,Konsultasi,konsultasi badan*,kad/borang konsultasi badan*; katil konsultasi*; klien tetap*; konsultasi badan*; nasihat selepas konsultasi badan*; pelan perkhidmatan salon*; pengurusan berat badan*; penyelenggaraan kawasan kerja konsultasi badan*,consultation (*konsultasi badan*) is the systematic process of analysing the client's body t
aesthetic-services/C01\KP-03.md,consultation,Konsultasi,kad/borang konsultasi badan*,kad/borang konsultasi badan*; katil konsultasi*; klien tetap*; konsultasi badan*; nasihat selepas konsultasi badan*; pelan perkhidmatan salon*; pengurusan berat badan*; penyelenggaraan kawasan kerja konsultasi badan*,consultation card/form (*kad/borang konsultasi badan*) must capture:  | Category | Details |
aesthetic-services/C01\KP-03.md,consultation,Konsultasi,pelan perkhidmatan salon*,kad/borang konsultasi badan*; katil konsultasi*; klien tetap*; konsultasi badan*; nasihat selepas konsultasi badan*; pelan perkhidmatan salon*; pengurusan berat badan*; penyelenggaraan kawasan kerja konsultasi badan*,"consultation findings, the aesthetician designs a service plan (*pelan perkhidmatan salon*) "
aesthetic-services/C01\KP-03.md,ectomorph,Ektomorf,ektomorf*,ektomorf*,"Ectomorph** (*ektomorf*) | Lean, long limbs, narrow shoulders/hips, low body fat, fast me"
aesthetic-services/C01\KP-03.md,mesomorph,Mesomorf,mesomorf*,mesomorf*,"Mesomorph** (*mesomorf*) | Athletic, muscular, broad shoulders, medium frame, efficient m"
aesthetic-services/C01\KP-03.md,endomorph,Endomorf,endomorf*,endomorf*,"Endomorph** (*endomorf*) | Rounded, wider hips, shorter limbs, higher body fat, slower me"
aesthetic-services/C01\KP-03.md,kyphosis,Kifosis,kifosis*,kifosis*,Kyphosis** (*kifosis*) | Excessive outward curvature of the thoracic spine; round should
aesthetic-services/C01\KP-03.md,lordosis,Lordosis,lordosis*,lordosis*,Lordosis** (*lordosis*) | Excessive inward curvature of the lumbar spine; protruding abd
aesthetic-services/C01\KP-03.md,scoliosis,Skoliosis,skoliosis*,skoliosis*,Scoliosis** (*skoliosis*) | Lateral curvature of the spine; uneven shoulders/hips | | **F
aesthetic-services/C01\KP-03.md,sensitivity,Sensitiviti,ekzema*,ekzema*; toleransi haba*,sensitivity / eczema (*ekzema*) | Patch test required; use hypoallergenic products | | High
aesthetic-services/C01\KP-04.md,muscle,Otot,rehat*,Otot Utama*; balsam otot*; haba oklusif*; rehat*; relaksasi otot*; tonus normal*; tonus otot lemah*,muscle tone | | Rest (*rehat*) | Adequate sleep (7-8 hours) for tissue repair and stre
aesthetic-services/C01\KP-04.md,collagen,Kolagen,pelindung matahari*,pelindung matahari*,"Collagen serum, elastin serum | | Sunscreen (*pelindung matahari*) | Protect skin from U"
aesthetic-services/C01\KP-04.md,elastin,Elastin,pelindung matahari*,pelindung matahari*,elastin serum | | Sunscreen (*pelindung matahari*) | Protect skin from UV damage | SPF 
aesthetic-services/C01\KP-04.md,detoxification,Detoksifikasi,pemakanan*,balutan herba*; balutan tanah liat*; detoksifikasi*; haba lembap*; pemakanan*,"detoxification | | Diet (*pemakanan*) | Balanced diet with fruits, vegetables, lean proteins; "
aesthetic-services/C01\KP-04.md,consultation,Konsultasi,nasihat selepas konsultasi badan*,kad/borang konsultasi badan*; katil konsultasi*; klien tetap*; konsultasi badan*; nasihat selepas konsultasi badan*; pelan perkhidmatan salon*; pengurusan berat badan*; penyelenggaraan kawasan kerja konsultasi badan*,consultation advice (*nasihat selepas konsultasi badan*) is the final client-facing step in 
aesthetic-services/C01\KP-05.md,autoclave,Autoklaf,autoklaf*,autoklaf*,"Autoclave (*autoklaf*) | Steam under pressure (121 C, 15 psi) | Metal tools, glass | 15-2"
aesthetic-services/C01\KP-05.md,sterilisation,Sterilisasi,sterilisasi*,sterilisasi*,Sterilisation** (*sterilisasi*) | Complete destruction of all microorganisms including spores
aesthetic-services/C01\KP-05.md,disinfection,Penyahjangkitan,penyahjangkitan*,penyahjangkitan permukaan*; penyahjangkitan*,Disinfection** (*penyahjangkitan*) | Destruction of most pathogenic organisms (not spores) |
aesthetic-services/C01\KP-05.md,sanitisation,Sanitasi,sanitasi*,Sanitasi Kaki*; sanitasi*,Sanitisation** (*sanitasi*) | Reduction of microorganisms to a safe level | | **Disinfection
aesthetic-services/C01\KP-05.md,sharps,Benda tajam,benda tajam*,benda tajam*,"Sharps** (*benda tajam*) | Needles, broken glass, razor blades | Sharps container (pun"
aesthetic-services/C01\KP-05.md,clinical waste,Sisa klinikal,benda tajam*,benda tajam*; sisa klinikal*,"clinical waste bag; licensed waste contractor | | **Sharps** (*benda tajam*) | Needles, broken"
aesthetic-services/C01\KP-05.md,consultation,Konsultasi,penyelenggaraan kawasan kerja konsultasi badan*,kad/borang konsultasi badan*; katil konsultasi*; klien tetap*; konsultasi badan*; nasihat selepas konsultasi badan*; pelan perkhidmatan salon*; pengurusan berat badan*; penyelenggaraan kawasan kerja konsultasi badan*,consultation work area (*penyelenggaraan kawasan kerja konsultasi badan*) is essential for m
aesthetic-services/C02\KP-01.md,muscle,Otot,haba oklusif*,Otot Utama*; balsam otot*; haba oklusif*; rehat*; relaksasi otot*; tonus normal*; tonus otot lemah*,Muscle relaxation | | Body wrap | Balutan badan | Occlusive heat (*haba oklusif*) | De
aesthetic-services/C02\KP-01.md,body thermal therapy,Terapi haba badan,terapi haba badan*,terapi haba badan*,"Body thermal therapy (*terapi haba badan*) uses heat to induce perspiration (*peluh*), emulsify adip"
aesthetic-services/C02\KP-01.md,body wrap,Balutan badan,haba oklusif*,balutan badan*; haba oklusif*; pembalut badan pakai buang*; produk balutan badan*,"Body wrap | Balutan badan | Occlusive heat (*haba oklusif*) | Detoxification, inch loss |"
aesthetic-services/C02\KP-01.md,sauna,Sauna,haba kering*,haba kering*; kabinet sauna*,"Sauna cabinet | Kabinet sauna | Dry heat (*haba kering*) | Perspiration, detoxificati"
aesthetic-services/C02\KP-01.md,detoxification,Detoksifikasi,detoksifikasi*,balutan herba*; balutan tanah liat*; detoksifikasi*; haba lembap*; pemakanan*,detoxification (*detoksifikasi*) and improve blood circulation (*peredaran darah*)
aesthetic-services/C02\KP-01.md,detoxification,Detoksifikasi,haba lembap*,balutan herba*; balutan tanah liat*; detoksifikasi*; haba lembap*; pemakanan*,"detoxification | | Steam cabinet | Kabinet stim | Moist heat (*haba lembap*) | Deep cleansing,"
aesthetic-services/C02\KP-01.md,perspiration,Peluh,peluh*,haba lembap*; peluh*; peningkatan peluh*,"perspiration (*peluh*), emulsify adipose fats and lipids, reduce fluid retention, promote de"
aesthetic-services/C02\KP-01.md,perspiration,Peluh,haba lembap*,haba lembap*; peluh*; peningkatan peluh*,"Perspiration, detoxification | | Steam cabinet | Kabinet stim | Moist heat (*haba lembap*) |"
aesthetic-services/C02\KP-01.md,contraindication,Kontraindikasi mutlak,tapisan kontraindikasi haba*,tapisan kontraindikasi haba*; tapisan kontraindikasi*,contraindication screening (*tapisan kontraindikasi haba*)
aesthetic-services/C02\KP-01.md,sensitivity,Sensitiviti,toleransi haba*,ekzema*; toleransi haba*,sensitivity (*toleransi haba*) | Determine if client can withstand heat applications | | Ci
aesthetic-services/C02\KP-02.md,sauna,Sauna,kabinet sauna*,haba kering*; kabinet sauna*,"Sauna cabinet (*kabinet sauna*) | Power on, check heating element, verify thermostat "
aesthetic-services/C02\KP-02.md,equipment,Peralatan,Peranti Arus Baki*,Peranti Arus Baki*,equipment is connected to a Residual Current Device (RCD) (*Peranti Arus Baki*) circuit b
aesthetic-services/C02\KP-03.md,hygiene,Kebersihan,topeng muka*,apron*; kebersihan tangan*; kebersihan*; tisu*; topeng muka*,Hygiene during product application and client handling | | Mask (*topeng muka*) | Prote
aesthetic-services/C02\KP-03.md,sanitisation,Sanitasi,Sanitasi Kaki*,Sanitasi Kaki*; sanitasi*,Sanitisation (*Sanitasi Kaki*) Purpose: Prevent transfer of bacteria from feet to treatment 
aesthetic-services/C02\KP-03.md,gloves,Sarung tangan,sarung tangan pakai buang*,sarung tangan pakai buang*,gloves (*sarung tangan pakai buang*) | Hygiene during product application and client h
aesthetic-services/C02\KP-03.md,apron,Apron,apron*,apron*,"Apron (*apron*) | Protect uniform from moisture, products, and heat | | Disposable gl"
aesthetic-services/C02\KP-03.md,disposable,Boleh guna-buang,sarung tangan pakai buang*,pembalut badan pakai buang*; penutup dada*; sarung tangan pakai buang*,Disposable gloves (*sarung tangan pakai buang*) | Hygiene during product application and c
aesthetic-services/C02\KP-03.md,draping,Pendrapan,Pembalutan Rambut*,Pembalutan Rambut*; minyak/krim urutan*,Draping (*Pembalutan Rambut*) - Gather client's hair and secure with a clip or hair ban
aesthetic-services/C02\KP-04.md,lymphatic drainage,Saliran limfa,pengelupasan badan*,pengelupasan badan*,"lymphatic drainage | | **Body scrub / exfoliation** (*pengelupasan badan*) | Salt scrub, sugar scr"
aesthetic-services/C02\KP-05.md,muscle,Otot,relaksasi otot*,Otot Utama*; balsam otot*; haba oklusif*; rehat*; relaksasi otot*; tonus normal*; tonus otot lemah*,Muscle relaxation** (*relaksasi otot*) | Heat reduces muscle tension and spasm | | **P
aesthetic-services/C02\KP-05.md,body wrap,Balutan badan,produk balutan badan*,balutan badan*; haba oklusif*; pembalut badan pakai buang*; produk balutan badan*,body wrap products (*produk balutan badan*)**:  | Product | Active Ingredients | Primary 
aesthetic-services/C02\KP-05.md,body wrap,Balutan badan,balutan badan*,balutan badan*; haba oklusif*; pembalut badan pakai buang*; produk balutan badan*,Body wrap (*balutan badan*) | Product allergies (patch test required 24 hours prior); cla
aesthetic-services/C02\KP-05.md,sauna,Sauna,kabinet sauna*,haba kering*; kabinet sauna*,Sauna cabinet (*kabinet sauna*) | Claustrophobia; chronic obstructive pulmonary disea
aesthetic-services/C02\KP-05.md,detoxification,Detoksifikasi,detoksifikasi*,balutan herba*; balutan tanah liat*; detoksifikasi*; haba lembap*; pemakanan*,Detoxification** (*detoksifikasi*) | Toxins released through perspiration |  ---  ## 2
aesthetic-services/C02\KP-05.md,detoxification,Detoksifikasi,balutan tanah liat*,balutan herba*; balutan tanah liat*; detoksifikasi*; haba lembap*; pemakanan*,"Detoxification, skin firming | | Mud/clay wrap (*balutan tanah liat*) | Minerals, silicates | "
aesthetic-services/C02\KP-05.md,detoxification,Detoksifikasi,balutan herba*,balutan herba*; balutan tanah liat*; detoksifikasi*; haba lembap*; pemakanan*,"Detoxification, exfoliation | | Herbal wrap (*balutan herba*) | Plant extracts, essential oils"
aesthetic-services/C02\KP-05.md,perspiration,Peluh,peningkatan peluh*,haba lembap*; peluh*; peningkatan peluh*,perspiration** (*peningkatan peluh*) | Sweat glands activated; toxins and excess fluid relea
aesthetic-services/C02\KP-05.md,vasodilation,Vasodilasi,vasodilatasi*,vasodilatasi*,"Vasodilation** (*vasodilatasi*) | Blood vessels dilate, increasing blood flow to the skin su"
aesthetic-services/C03\KP-02.md,friction,Geseran,minyak kelapa*,minyak kelapa*,"friction massage | | Coconut oil (*minyak kelapa*) | Rich, moisturising | Dry skin; long"
aesthetic-services/C03\KP-02.md,draping,Pendrapan,minyak/krim urutan*,Pembalutan Rambut*; minyak/krim urutan*,"Draping, wiping, warmth | | Massage oil / cream (*minyak/krim urutan*) | Lubricant for "
aesthetic-services/C03\KP-04.md,muscle,Otot,Otot Utama*,Otot Utama*; balsam otot*; haba oklusif*; rehat*; relaksasi otot*; tonus normal*; tonus otot lemah*,Muscle Groups by Body Region  | Body Region | Key Muscles (*Otot Utama*) | Massage Tec
aesthetic-services/C03\KP-04.md,effleurage,Effleuraj,betis*,betis*,"Effleurage, petrissage | | Lower leg | Gastrocnemius, soleus (*betis*) | Effleurage, petri"
aesthetic-services/C03\KP-04.md,petrissage,Petrissaj,betis*,betis*,"petrissage | | Lower leg | Gastrocnemius, soleus (*betis*) | Effleurage, petrissage, frict"
aesthetic-services/C03\KP-04.md,tapotement,Tapotman,tekanan*,tekanan*,tapotement | | **Pressure** (*tekanan*) | Force applied to the tissue | Light for relaxati
aesthetic-services/C03\KP-05.md,muscle,Otot,balsam otot*,Otot Utama*; balsam otot*; haba oklusif*; rehat*; relaksasi otot*; tonus normal*; tonus otot lemah*,Muscle rub/balm (*balsam otot*) | For areas of residual tension | | Epsom salt (for ba
aesthetic-services/C04\KP-01.md,high frequency,Frekuensi tinggi,unit frekuensi tinggi*,frekuensi tinggi*; unit frekuensi tinggi*,"High frequency unit** (*unit frekuensi tinggi*) | Stimulate circulation, germicidal effect (di"
aesthetic-services/C04\KP-01.md,vacuum suction,Sedutan vakum,mesin sedutan vakum*,mesin sedutan vakum*; sedutan vakum*; vena varikoz*; ventous/cawan*,"Vacuum suction machine** (*mesin sedutan vakum*) | Lymphatic drainage, cellulite reduction | S"
aesthetic-services/C04\KP-01.md,micro-current,Arus mikro,unit arus mikro*,arus mikro*; flebitis*; unit arus mikro*,"Micro-current unit** (*unit arus mikro*) | Muscle re-education, skin tightening, anti-ageing "
aesthetic-services/C04\KP-01.md,machine,Mesin,mesin sedutan vakum*,mesin sedutan vakum*; pad elektrod*; ventous/cawan*,"machine** (*mesin sedutan vakum*) | Lymphatic drainage, cellulite reduction | Suction p"
aesthetic-services/C04\KP-01.md,electrode,Elektrod,unit arus mikro*,pad elektrod*; unit arus mikro*,"Electrode type, intensity | | **Micro-current unit** (*unit arus mikro*) | Muscle re-educ"
aesthetic-services/C04\KP-01.md,hygiene,Kebersihan,apron*,apron*; kebersihan tangan*; kebersihan*; tisu*; topeng muka*,Hygiene and PPE  | PPE Item | Purpose | |----------|---------| | Apron (*apron*) | Prot
aesthetic-services/C04\KP-01.md,apron,Apron,apron*,apron*,Apron (*apron*) | Protect uniform from conductive gels and products | | Mask (*topeng
aesthetic-services/C04\KP-02.md,electrotherapy,Elektroterapi,perentak jantung*,perentak jantung*,electrotherapy) | Condition | Reason | |-----------|--------| | Pacemaker (*perentak jantung*)
aesthetic-services/C04\KP-03.md,machine,Mesin,pad elektrod*,mesin sedutan vakum*; pad elektrod*; ventous/cawan*,machine with adjustable settings | | Electrode pads (*pad elektrod*) | Placed on motor 
aesthetic-services/C04\KP-03.md,electrode,Elektrod,pad elektrod*,pad elektrod*; unit arus mikro*,Electrode pads (*pad elektrod*) | Placed on motor points of target muscles | | Conductive
aesthetic-services/C04\KP-03.md,conductive gel,Gel konduktif,gel konduktif*,gel konduktif*,Conductive gel (*gel konduktif*) | Applied between pad and skin for conductivity | | Straps/ba
aesthetic-services/C04\KP-05.md,vacuum suction,Sedutan vakum,sedutan vakum*,mesin sedutan vakum*; sedutan vakum*; vena varikoz*; ventous/cawan*,Vacuum Suction  **Vacuum suction** (*sedutan vakum*) uses negative pressure (suction) to lift 
aesthetic-services/C04\KP-05.md,vacuum suction,Sedutan vakum,ventous/cawan*,mesin sedutan vakum*; sedutan vakum*; vena varikoz*; ventous/cawan*,Vacuum suction machine | Adjustable suction pressure | | Ventouses/cups (*ventous/cawan*) | Va
aesthetic-services/C04\KP-05.md,vacuum suction,Sedutan vakum,vena varikoz*,mesin sedutan vakum*; sedutan vakum*; vena varikoz*; ventous/cawan*,Vacuum suction must NEVER be used over varicose veins (*vena varikoz*) — suction pressure risk
aesthetic-services/C04\KP-05.md,machine,Mesin,ventous/cawan*,mesin sedutan vakum*; pad elektrod*; ventous/cawan*,machine | Adjustable suction pressure | | Ventouses/cups (*ventous/cawan*) | Various si
aesthetic-services/C04\KP-06.md,gyratory massage,Urutan giratori,urutan mekanikal/giratori*,urutan mekanikal/giratori*,gyratory massage** (*urutan mekanikal/giratori*) uses an electrically powered device with interc
aesthetic-services/C04\KP-07.md,high frequency,Frekuensi tinggi,frekuensi tinggi*,frekuensi tinggi*; unit frekuensi tinggi*,High Frequency  **High frequency** (*frekuensi tinggi*) uses a rapidly oscillating alternating
aesthetic-services/C04\KP-08.md,micro-current,Arus mikro,arus mikro*,arus mikro*; flebitis*; unit arus mikro*,Micro-Current  **Micro-current** (*arus mikro*) uses extremely low-level electrical currents 
aesthetic-services/C04\KP-08.md,micro-current,Arus mikro,flebitis*,arus mikro*; flebitis*; unit arus mikro*,"micro-current: severe cardiac conditions, phlebitis (*flebitis*), recent surgical incisions ("
aesthetic-services/C04\KP-10.md,clinical waste,Sisa klinikal,sisa klinikal*,benda tajam*; sisa klinikal*,clinical waste** (*sisa klinikal*)
